{
  "window_sec": 60,
  "fs": 300,
  "seed": 42,
  "test_challenge_score": 0.7201694234384068,
  "test_f1_NAO": [
    0.8488448844884489,
    0.6929133858267716,
    0.61875
  ]
}